{
    "length": {
        "cmIn": 0.3937007874,
        "mFt": 3.280839895
    },
    "weight": {
        "tonLb": 2204.6226218488
    },
    "area": {
        "haM2": 10000
    }
}