{
    "length": {
        "cm-in": 0.3937007874,
        "m-ft": 3.280839895
    },
    "weight": {
        "ton-lb": 2204.6226218488
    }
}